Axis,RMSE (Error),R2 Score
Axis1_Smooth,0.63112,2.2e-05
Axis2_Smooth,2.941345,0.000284
Axis3_Smooth,2.209103,4.8e-05
Axis4_Smooth,0.507805,0.000297
Axis5_Smooth,0.777441,5e-06
Axis6_Smooth,0.510044,0.000426
Axis7_Smooth,0.725209,0.0003
Axis8_Smooth,0.086463,0.000478
